Subject Code,Age ,Sex,Group,Vineland SS comm ,Vineland SS daily,Vinelnad ss social,Vineland SS motor,Vineland SS sum,Vineland ABC,responds to name,responds to no,responds to there's parent,phrases understood,imitation,labeling,words understood,words produced,early gestures,later gestures,total gestures
846,"9months,22days",M,H,,,,,,,,,,,,,,,,,
845,"14months,19days",F,H,,,,,,,1,1,1,18,0,0,43,2,13,9,22
847,"10months,28days",M,H,35,19,32,32,344,119,1,1,1,14,1,0,66,4,14,14,28
831v3,"15months,11days",F,L,26,12,25,28,264,84,1,1,1,9,1,0,27,1,,,
848,"7months,4days",M,L,26,13,26,26,264,84,1,0,0,0,0,0,0,0,2,0,2
832v2,"10months,4days",F,L,24,16,27,29,370,91,1,1,1,0,0,0,3,0,5,5,10
824v3,"10months,5days",F,L,24,12,26,29,342,83,1,1,1,5,1,0,18,0,7,1,8
817v4,"17months,13days",F,L,39,17,34,31,350,122,1,1,1,27,1,1,127,205,17,35,52
823v3,"18months,11days",F,L,34,16,31,32,323,109,1,1,1,23,1,1,127,71,14,19,33
826v3,"10months,17days",F,L,37,18,31,29,342,118,1,1,1,10,1,0,106,5,9,6,15
843v2,"12months,23days",F,L,30,18,31,26,323,109,1,1,1,8,1,0,39,18,10,11,21
810v3,"22months,25days",M,L,36,21,36,27,365,127,1,1,1,26,1,1,49,271,15,39,54
819v3,"21months,12days",M,L,,,,,,,,,,,,,,,,,
822v3,"11months,30days",M,L,36,19,30,33,340,117,1,1,1,20,0,0,105,5,14,6,20
818v4,"21months,12days",M,L,32,15,31,30,312,104,1,1,1,24,1,1,113,143,12,35,47
844v2,"9months,29days",F,L,32,15,29,31,303,101,,,,,,,,,,,
835v3,"16months,5days",F,L,,,,,,,1,1,1,16,1,1,66,5,12,21,33
838v3,"12months,8days",F,L,36,18,32,36,342,118,1,1,1,7,1,0,65,8,15,15,30
830v3,"23months,9days",M,L,26,10,29,24,267,85,,,, ,,,,,,,
829v2,"21months,7days",F,L,29,15,36,26,315,105,,,,,,,,,,,
827v3,"19months,1days",M,L,29,13,24,30,273,87,1,1,1,9,0,0,39,9,10,8,18
849,"11months,21days",F,H,27,12,30,34,275,88,1,1,1,7,0,0,14,0,7,1,8
833v3,"12months,20days",F,L,33,14,27,33,299,100,1,1,1,10,1,0,27,3,11,7,18
